<metadata xml:lang="fr"><Esri><CreaDate>20181219</CreaDate><CreaTime>09011200</CreaTime><ArcGISFormat>1.0</ArcGISFormat><SyncOnce>FALSE</SyncOnce><DataProperties><lineage><Process ToolSource="c:\program files (x86)\arcgis\desktop10.3\ArcToolbox\Toolboxes\Data Management Tools.tbx\CalculateField" Date="20160323" Time="115326">CalculateField "Zones humide" date "2014" VB #</Process><Process ToolSource="c:\program files (x86)\arcgis\desktop10.5\ArcToolbox\Toolboxes\Data Management Tools.tbx\Merge" Date="20180719" Time="082143">Merge NAZH_INVENTAIRE_ZH_Po;S:\ESE\ENV\02_base-documentaire\02_OUTILS_LOGICIELS\00_CARTOGRAPHIE\BASESIG\OLD\MET_BASESIG_ArborescenceTypeVsat\MET_BASESIG_ArborescenceTypeV1\12_SIG\BASESIG\XXXX_FichierVidePo.shp S:\ESE\ENV\12_Projets\E2284_RN164_Merdrignac\12_SIG\BASESIG\PRODUCTION\SOURCE.gdb\NAZH_INVENTAIRE_ZH_Po_b "Id "Id" true true false 4 Long 0 0 ,First,#,NAZH_INVENTAIRE_ZH_Po,Id,-1,-1,S:\ESE\ENV\02_base-documentaire\02_OUTILS_LOGICIELS\00_CARTOGRAPHIE\BASESIG\OLD\MET_BASESIG_ArborescenceTypeVsat\MET_BASESIG_ArborescenceTypeV1\12_SIG\BASESIG\XXXX_FichierVidePo.shp,Id,-1,-1;HIC "HIC" true true false 50 Text 0 0 ,First,#,NAZH_INVENTAIRE_ZH_Po,HIC,-1,-1;date "date" true true false 20 Text 0 0 ,First,#,NAZH_INVENTAIRE_ZH_Po,date,-1,-1,S:\ESE\ENV\02_base-documentaire\02_OUTILS_LOGICIELS\00_CARTOGRAPHIE\BASESIG\OLD\MET_BASESIG_ArborescenceTypeVsat\MET_BASESIG_ArborescenceTypeV1\12_SIG\BASESIG\XXXX_FichierVidePo.shp,DATE,-1,-1;ValPlat "ValPlat" true true false 20 Text 0 0 ,First,#,NAZH_INVENTAIRE_ZH_Po,ValPlat,-1,-1;Shape_Length "Shape_Length" false true true 8 Double 0 0 ,First,#,NAZH_INVENTAIRE_ZH_Po,Shape_Length,-1,-1;Shape_Area "Shape_Area" false true true 8 Double 0 0 ,First,#,NAZH_INVENTAIRE_ZH_Po,Shape_Area,-1,-1;NOM "NOM" true true false 254 Text 0 0 ,First,#,S:\ESE\ENV\02_base-documentaire\02_OUTILS_LOGICIELS\00_CARTOGRAPHIE\BASESIG\OLD\MET_BASESIG_ArborescenceTypeVsat\MET_BASESIG_ArborescenceTypeV1\12_SIG\BASESIG\XXXX_FichierVidePo.shp,NOM,-1,-1;ETIQ "ETIQ" true true false 254 Text 0 0 ,First,#,S:\ESE\ENV\02_base-documentaire\02_OUTILS_LOGICIELS\00_CARTOGRAPHIE\BASESIG\OLD\MET_BASESIG_ArborescenceTypeVsat\MET_BASESIG_ArborescenceTypeV1\12_SIG\BASESIG\XXXX_FichierVidePo.shp,ETIQ,-1,-1;ORIGINE "ORIGINE" true true false 50 Text 0 0 ,First,#,S:\ESE\ENV\02_base-documentaire\02_OUTILS_LOGICIELS\00_CARTOGRAPHIE\BASESIG\OLD\MET_BASESIG_ArborescenceTypeVsat\MET_BASESIG_ArborescenceTypeV1\12_SIG\BASESIG\XXXX_FichierVidePo.shp,ORIGINE,-1,-1;ECHELLE "ECHELLE" true true false 10 Long 0 10 ,First,#,S:\ESE\ENV\02_base-documentaire\02_OUTILS_LOGICIELS\00_CARTOGRAPHIE\BASESIG\OLD\MET_BASESIG_ArborescenceTypeVsat\MET_BASESIG_ArborescenceTypeV1\12_SIG\BASESIG\XXXX_FichierVidePo.shp,ECHELLE,-1,-1;PRODUCT "PRODUCT" true true false 100 Text 0 0 ,First,#,S:\ESE\ENV\02_base-documentaire\02_OUTILS_LOGICIELS\00_CARTOGRAPHIE\BASESIG\OLD\MET_BASESIG_ArborescenceTypeVsat\MET_BASESIG_ArborescenceTypeV1\12_SIG\BASESIG\XXXX_FichierVidePo.shp,PRODUCT,-1,-1;COMMENTA "COMMENTA" true true false 254 Text 0 0 ,First,#,S:\ESE\ENV\02_base-documentaire\02_OUTILS_LOGICIELS\00_CARTOGRAPHIE\BASESIG\OLD\MET_BASESIG_ArborescenceTypeVsat\MET_BASESIG_ArborescenceTypeV1\12_SIG\BASESIG\XXXX_FichierVidePo.shp,COMMENTA,-1,-1;VERSION "VERSION" true true false 2 Short 0 2 ,First,#,S:\ESE\ENV\02_base-documentaire\02_OUTILS_LOGICIELS\00_CARTOGRAPHIE\BASESIG\OLD\MET_BASESIG_ArborescenceTypeVsat\MET_BASESIG_ArborescenceTypeV1\12_SIG\BASESIG\XXXX_FichierVidePo.shp,VERSION,-1,-1"</Process><Process ToolSource="c:\program files (x86)\arcgis\desktop10.5\ArcToolbox\Toolboxes\Data Management Tools.tbx\CalculateField" Date="20180719" Time="082257">CalculateField NAZH_INVENTAIRE_ZH_Po ORIGINE "Inventaire ZH DUP CERESA" VB #</Process><Process ToolSource="c:\program files (x86)\arcgis\desktop10.5\ArcToolbox\Toolboxes\Data Management Tools.tbx\CalculateField" Date="20180719" Time="082431">CalculateField NAZH_INVENTAIRE_ZH_Po COMMENTA "04_ENTRANT\envoi_2017-07-04_CERESA" VB #</Process><Process ToolSource="c:\program files (x86)\arcgis\desktop10.5\ArcToolbox\Toolboxes\Data Management Tools.tbx\CalculateField" Date="20180719" Time="082646">CalculateField NAZH_INVENTAIRE_ZH_Po BV "BV MEU" VB #</Process><Process ToolSource="c:\program files (x86)\arcgis\desktop10.5\ArcToolbox\Toolboxes\Data Management Tools.tbx\CalculateField" Date="20180719" Time="082930">CalculateField NAZH_INVENTAIRE_ZH_Po BV "BV YVEL Hivet" VB #</Process><Process ToolSource="c:\program files (x86)\arcgis\desktop10.5\ArcToolbox\Toolboxes\Data Management Tools.tbx\CalculateField" Date="20181219" Time="104050">CalculateField NAZH_INVENTAIRE_ZH_Po FCT_ZH "ZH1" VB #</Process><Process ToolSource="c:\program files (x86)\arcgis\desktop10.5\ArcToolbox\Toolboxes\Data Management Tools.tbx\CalculateField" Date="20181219" Time="104130">CalculateField NAZH_INVENTAIRE_ZH_Po FCT_ZH "ZH2" VB #</Process><Process ToolSource="c:\program files (x86)\arcgis\desktop10.5\ArcToolbox\Toolboxes\Data Management Tools.tbx\CalculateField" Date="20181219" Time="104229">CalculateField NAZH_INVENTAIRE_ZH_Po FCT_ZH "ZH3" VB #</Process><Process ToolSource="c:\program files (x86)\arcgis\desktop10.5\ArcToolbox\Toolboxes\Data Management Tools.tbx\CalculateField" Date="20181219" Time="104259">CalculateField NAZH_INVENTAIRE_ZH_Po FCT_ZH "ZH4" VB #</Process><Process ToolSource="c:\program files (x86)\arcgis\desktop10.5\ArcToolbox\Toolboxes\Data Management Tools.tbx\CalculateField" Date="20181219" Time="104333">CalculateField NAZH_INVENTAIRE_ZH_Po FCT_ZH "ZH5" VB #</Process><Process ToolSource="c:\program files (x86)\arcgis\desktop10.5\ArcToolbox\Toolboxes\Data Management Tools.tbx\CalculateField" Date="20181219" Time="104549">CalculateField NAZH_INVENTAIRE_ZH_Po FCT_ZH "ZH2" VB #</Process><Process ToolSource="c:\program files (x86)\arcgis\desktop10.5\ArcToolbox\Toolboxes\Data Management Tools.tbx\CalculateField" Date="20181219" Time="160252">CalculateField NAZH_INVENTAIRE_ZH_Po FCT_ZH "ZH5n" VB #</Process><Process ToolSource="c:\program files (x86)\arcgis\desktop10.5\ArcToolbox\Toolboxes\Data Management Tools.tbx\CalculateField" Date="20181219" Time="160329">CalculateField NAZH_INVENTAIRE_ZH_Po FCT_ZH "ZH1" VB #</Process><Process ToolSource="c:\program files (x86)\arcgis\desktop10.5\ArcToolbox\Toolboxes\Data Management Tools.tbx\CalculateField" Date="20181219" Time="160359">CalculateField NAZH_INVENTAIRE_ZH_Po FCT_ZH "ZH5" VB #</Process><Process ToolSource="c:\program files (x86)\arcgis\desktop10.5\ArcToolbox\Toolboxes\Data Management Tools.tbx\CalculateField" Date="20181219" Time="160419">CalculateField NAZH_INVENTAIRE_ZH_Po FCT_ZH "ZH4n" VB #</Process><Process ToolSource="c:\program files (x86)\arcgis\desktop10.5\ArcToolbox\Toolboxes\Data Management Tools.tbx\CalculateField" Date="20181219" Time="160447">CalculateField NAZH_INVENTAIRE_ZH_Po FCT_ZH "ZH2" VB #</Process><Process ToolSource="c:\program files (x86)\arcgis\desktop10.5\ArcToolbox\Toolboxes\Data Management Tools.tbx\CalculateField" Date="20181219" Time="160527">CalculateField NAZH_INVENTAIRE_ZH_Po FCT_ZH "ZH4" VB #</Process><Process ToolSource="c:\program files (x86)\arcgis\desktop10.6\ArcToolbox\Toolboxes\Data Management Tools.tbx\CalculateField" Date="20200910" Time="102228">CalculateField NAZH_INVENTAIRE_ZH_Po ORIGINE "Extension ZH EGIS sondages humides - juillet 2020" VB #</Process><Process ToolSource="c:\program files (x86)\arcgis\desktop10.6\ArcToolbox\Toolboxes\Data Management Tools.tbx\CalculateField" Date="20200910" Time="102311">CalculateField NAZH_INVENTAIRE_ZH_Po COMMENTA "LDAUV/Nouvelles_ZH.shp" VB #</Process><Process ToolSource="c:\program files (x86)\arcgis\desktop10.6\ArcToolbox\Toolboxes\Data Management Tools.tbx\CalculateField" Date="20200910" Time="102340">CalculateField NAZH_INVENTAIRE_ZH_Po ValPlat "Nouvelle ZH" VB #</Process></lineage><itemProps><itemLocation><linkage Sync="TRUE">file://\\egis.racine.local\bu_go3e\ESE_Nantes\ENV\12_Projets\E2284_RN164_Merdrignac\12_SIG\BASESIG\SORTANT\TRANSFERT\20241114_shp_zh_habnat\NAZH_INVENTAIRE_ZH_Po.shp</linkage><protocol Sync="TRUE">Local Area Network</protocol></itemLocation><itemName Sync="TRUE">NAZH_INVENTAIRE_ZH_Po</itemName><imsContentType Sync="TRUE">002</imsContentType><itemSize Sync="TRUE">0.000</itemSize></itemProps><copyHistory><copy source="C:\Données\RO\RO_068 - RN164 Merdrignac\SIG\SHP\Faune-flore\ZH" dest="\\POSTE06\RO_068 - RN164 Merdrignac\SIG\SHP\Faune-flore\envoi\ZH" date="20170704" time="14131200"></copy></copyHistory><coordRef><type Sync="TRUE">Projected</type><geogcsn Sync="TRUE">GCS_RGF_1993</geogcsn><csUnits Sync="TRUE">Linear Unit: Meter (1.000000)</csUnits><projcsn Sync="TRUE">RGF_1993_Lambert_93</projcsn><peXml Sync="TRUE">&lt;ProjectedCoordinateSystem xsi:type='typens:ProjectedCoordinateSystem' xmlns:xsi='http://www.w3.org/2001/XMLSchema-instance' xmlns:xs='http://www.w3.org/2001/XMLSchema' xmlns:typens='http://www.esri.com/schemas/ArcGIS/10.8'&gt;&lt;WKT&gt;PROJCS[&amp;quot;RGF_1993_Lambert_93&amp;quot;,GEOGCS[&amp;quot;GCS_RGF_1993&amp;quot;,DATUM[&amp;quot;D_RGF_1993&amp;quot;,SPHEROID[&amp;quot;GRS_1980&amp;quot;,6378137.0,298.257222101]],PRIMEM[&amp;quot;Greenwich&amp;quot;,0.0],UNIT[&amp;quot;Degree&amp;quot;,0.0174532925199433]],PROJECTION[&amp;quot;Lambert_Conformal_Conic&amp;quot;],PARAMETER[&amp;quot;False_Easting&amp;quot;,700000.0],PARAMETER[&amp;quot;False_Northing&amp;quot;,6600000.0],PARAMETER[&amp;quot;Central_Meridian&amp;quot;,3.0],PARAMETER[&amp;quot;Standard_Parallel_1&amp;quot;,44.0],PARAMETER[&amp;quot;Standard_Parallel_2&amp;quot;,49.0],PARAMETER[&amp;quot;Latitude_Of_Origin&amp;quot;,46.5],UNIT[&amp;quot;Meter&amp;quot;,1.0],AUTHORITY[&amp;quot;EPSG&amp;quot;,2154]]&lt;/WKT&gt;&lt;XOrigin&gt;-35597500&lt;/XOrigin&gt;&lt;YOrigin&gt;-23641900&lt;/YOrigin&gt;&lt;XYScale&gt;124074650.52332792&lt;/XYScale&gt;&lt;ZOrigin&gt;-100000&lt;/ZOrigin&gt;&lt;ZScale&gt;10000&lt;/ZScale&gt;&lt;MOrigin&gt;-100000&lt;/MOrigin&gt;&lt;MScale&gt;10000&lt;/MScale&gt;&lt;XYTolerance&gt;0.001&lt;/XYTolerance&gt;&lt;ZTolerance&gt;0.001&lt;/ZTolerance&gt;&lt;MTolerance&gt;0.001&lt;/MTolerance&gt;&lt;HighPrecision&gt;true&lt;/HighPrecision&gt;&lt;WKID&gt;102110&lt;/WKID&gt;&lt;LatestWKID&gt;2154&lt;/LatestWKID&gt;&lt;/ProjectedCoordinateSystem&gt;</peXml></coordRef></DataProperties><SyncDate>20241114</SyncDate><SyncTime>16265000</SyncTime><ModDate>20241114</ModDate><ModTime>16265000</ModTime></Esri><dataIdInfo><envirDesc Sync="TRUE"> Version 6.2 (Build 9200) ; Esri ArcGIS 10.9.1.28388</envirDesc><dataLang><languageCode value="fra" Sync="TRUE"></languageCode><countryCode value="FRA" Sync="TRUE"></countryCode></dataLang><idCitation><resTitle Sync="TRUE">NAZH_INVENTAIRE_ZH_Po</resTitle><presForm><PresFormCd value="005" Sync="TRUE"></PresFormCd></presForm></idCitation><spatRpType><SpatRepTypCd value="001" Sync="TRUE"></SpatRepTypCd></spatRpType></dataIdInfo><mdLang><languageCode value="fra" Sync="TRUE"></languageCode><countryCode value="FRA" Sync="TRUE"></countryCode></mdLang><distInfo><distFormat><formatName Sync="TRUE">Shapefile</formatName></distFormat><distTranOps><transSize Sync="TRUE">0.000</transSize></distTranOps></distInfo><mdHrLv><ScopeCd value="005" Sync="TRUE"></ScopeCd></mdHrLv><mdHrLvName Sync="TRUE">dataset</mdHrLvName><refSysInfo><RefSystem><refSysID><identCode code="2154" Sync="TRUE"></identCode><idCodeSpace Sync="TRUE">EPSG</idCodeSpace><idVersion Sync="TRUE">6.7(9.0.0)</idVersion></refSysID></RefSystem></refSysInfo><spatRepInfo><VectSpatRep><geometObjs Name="NAZH_INVENTAIRE_ZH_Po"><geoObjTyp><GeoObjTypCd value="002" Sync="TRUE"></GeoObjTypCd></geoObjTyp><geoObjCnt Sync="TRUE">0</geoObjCnt></geometObjs><topLvl><TopoLevCd value="001" Sync="TRUE"></TopoLevCd></topLvl></VectSpatRep></spatRepInfo><spdoinfo><ptvctinf><esriterm Name="NAZH_INVENTAIRE_ZH_Po"><efeatyp Sync="TRUE">Simple</efeatyp><efeageom code="4" Sync="TRUE"></efeageom><esritopo Sync="TRUE">FALSE</esritopo><efeacnt Sync="TRUE">0</efeacnt><spindex Sync="TRUE">FALSE</spindex><linrefer Sync="TRUE">FALSE</linrefer></esriterm></ptvctinf></spdoinfo><eainfo><detailed Name="NAZH_INVENTAIRE_ZH_Po"><enttyp><enttypl Sync="TRUE">NAZH_INVENTAIRE_ZH_Po</enttypl><enttypt Sync="TRUE">Feature Class</enttypt><enttypc Sync="TRUE">0</enttypc></enttyp><attr><attrlabl Sync="TRUE">FID</attrlabl><attalias Sync="TRUE">FID</attalias><attrtype Sync="TRUE">OID</attrtype><attwidth Sync="TRUE">4</attwidth><atprecis Sync="TRUE">0</atprecis><attscale Sync="TRUE">0</attscale><attrdef Sync="TRUE">Internal feature number.</attrdef><attrdefs Sync="TRUE">Esri</attrdefs><attrdomv><udom Sync="TRUE">Sequential unique whole numbers that are automatically generated.</udom></attrdomv></attr><attr><attrlabl Sync="TRUE">OBJECTID</attrlabl><attalias Sync="TRUE">OBJECTID</attalias><attrtype Sync="TRUE">Integer</attrtype><attwidth Sync="TRUE">10</attwidth><atprecis Sync="TRUE">10</atprecis><attscale Sync="TRUE">0</attscale><attrdef Sync="TRUE">Internal feature number.</attrdef><attrdefs Sync="TRUE">Esri</attrdefs><attrdomv><udom Sync="TRUE">Sequential unique whole numbers that are automatically generated.</udom></attrdomv></attr><attr><attrlabl Sync="TRUE">Shape</attrlabl><attalias Sync="TRUE">Shape</attalias><attrtype Sync="TRUE">Geometry</attrtype><attwidth Sync="TRUE">0</attwidth><atprecis Sync="TRUE">0</atprecis><attscale Sync="TRUE">0</attscale><attrdef Sync="TRUE">Feature geometry.</attrdef><attrdefs Sync="TRUE">Esri</attrdefs><attrdomv><udom Sync="TRUE">Coordinates defining the features.</udom></attrdomv></attr><attr><attrlabl Sync="TRUE">Id</attrlabl><attalias Sync="TRUE">Id</attalias><attrtype Sync="TRUE">Integer</attrtype><attwidth Sync="TRUE">10</attwidth><atprecis Sync="TRUE">10</atprecis><attscale Sync="TRUE">0</attscale></attr><attr><attrlabl Sync="TRUE">HIC</attrlabl><attalias Sync="TRUE">HIC</attalias><attrtype Sync="TRUE">String</attrtype><attwidth Sync="TRUE">50</attwidth><atprecis Sync="TRUE">0</atprecis><attscale Sync="TRUE">0</attscale></attr><attr><attrlabl Sync="TRUE">date</attrlabl><attalias Sync="TRUE">date</attalias><attrtype Sync="TRUE">String</attrtype><attwidth Sync="TRUE">20</attwidth><atprecis Sync="TRUE">0</atprecis><attscale Sync="TRUE">0</attscale></attr><attr><attrlabl Sync="TRUE">ValPlat</attrlabl><attalias Sync="TRUE">ValPlat</attalias><attrtype Sync="TRUE">String</attrtype><attwidth Sync="TRUE">20</attwidth><atprecis Sync="TRUE">0</atprecis><attscale Sync="TRUE">0</attscale></attr><attr><attrlabl Sync="TRUE">NOM</attrlabl><attalias Sync="TRUE">NOM</attalias><attrtype Sync="TRUE">String</attrtype><attwidth Sync="TRUE">254</attwidth><atprecis Sync="TRUE">0</atprecis><attscale Sync="TRUE">0</attscale></attr><attr><attrlabl Sync="TRUE">ETIQ</attrlabl><attalias Sync="TRUE">ETIQ</attalias><attrtype Sync="TRUE">String</attrtype><attwidth Sync="TRUE">254</attwidth><atprecis Sync="TRUE">0</atprecis><attscale Sync="TRUE">0</attscale></attr><attr><attrlabl Sync="TRUE">ORIGINE</attrlabl><attalias Sync="TRUE">ORIGINE</attalias><attrtype Sync="TRUE">String</attrtype><attwidth Sync="TRUE">50</attwidth><atprecis Sync="TRUE">0</atprecis><attscale Sync="TRUE">0</attscale></attr><attr><attrlabl Sync="TRUE">ECHELLE</attrlabl><attalias Sync="TRUE">ECHELLE</attalias><attrtype Sync="TRUE">Integer</attrtype><attwidth Sync="TRUE">10</attwidth><atprecis Sync="TRUE">10</atprecis><attscale Sync="TRUE">0</attscale></attr><attr><attrlabl Sync="TRUE">PRODUCT</attrlabl><attalias Sync="TRUE">PRODUCT</attalias><attrtype Sync="TRUE">String</attrtype><attwidth Sync="TRUE">100</attwidth><atprecis Sync="TRUE">0</atprecis><attscale Sync="TRUE">0</attscale></attr><attr><attrlabl Sync="TRUE">COMMENTA</attrlabl><attalias Sync="TRUE">COMMENTA</attalias><attrtype Sync="TRUE">String</attrtype><attwidth Sync="TRUE">254</attwidth><atprecis Sync="TRUE">0</atprecis><attscale Sync="TRUE">0</attscale></attr><attr><attrlabl Sync="TRUE">VERSION</attrlabl><attalias Sync="TRUE">VERSION</attalias><attrtype Sync="TRUE">Integer</attrtype><attwidth Sync="TRUE">10</attwidth><atprecis Sync="TRUE">10</atprecis><attscale Sync="TRUE">0</attscale></attr><attr><attrlabl Sync="TRUE">Shape_Leng</attrlabl><attalias Sync="TRUE">Shape_Leng</attalias><attrtype Sync="TRUE">Double</attrtype><attwidth Sync="TRUE">19</attwidth><atprecis Sync="TRUE">0</atprecis><attscale Sync="TRUE">0</attscale></attr><attr><attrlabl Sync="TRUE">BV</attrlabl><attalias Sync="TRUE">BV</attalias><attrtype Sync="TRUE">String</attrtype><attwidth Sync="TRUE">50</attwidth><atprecis Sync="TRUE">0</atprecis><attscale Sync="TRUE">0</attscale></attr><attr><attrlabl Sync="TRUE">Shape_Le_1</attrlabl><attalias Sync="TRUE">Shape_Le_1</attalias><attrtype Sync="TRUE">Double</attrtype><attwidth Sync="TRUE">19</attwidth><atprecis Sync="TRUE">0</atprecis><attscale Sync="TRUE">0</attscale></attr><attr><attrlabl Sync="TRUE">Shape_Area</attrlabl><attalias Sync="TRUE">Shape_Area</attalias><attrtype Sync="TRUE">Double</attrtype><attwidth Sync="TRUE">19</attwidth><atprecis Sync="TRUE">0</atprecis><attscale Sync="TRUE">0</attscale><attrdef Sync="TRUE">Area of feature in internal units squared.</attrdef><attrdefs Sync="TRUE">Esri</attrdefs><attrdomv><udom Sync="TRUE">Positive real numbers that are automatically generated.</udom></attrdomv></attr><attr><attrlabl Sync="TRUE">FCT_ZH</attrlabl><attalias Sync="TRUE">FCT_ZH</attalias><attrtype Sync="TRUE">String</attrtype><attwidth Sync="TRUE">50</attwidth><atprecis Sync="TRUE">0</atprecis><attscale Sync="TRUE">0</attscale></attr></detailed></eainfo><mdDateSt Sync="TRUE">20241114</mdDateSt></metadata>
